taxid,count_real,count_sim
429572,0.4258927915437428,0.42763526067403984
1434120,0.46325686024421875,0.4420561926818082
188937,0.44889778165266414,0.4290187798872299
1054217,1.0942848379371302,0.8438784997459958
1434123,0.41041224543882443,0.40188153695253076
1041930,0.5123861461542958,0.4878935077813182
1407499,1.575301939199429,1.3650444522705796
485914,1.3426247946937415,1.0875292766402958
330779,0.4365735623197002,0.4378757650103799
187420,0.4831707291998643,0.47607543186903944
797210,1.3716453397536748,1.13642280457313
243232,0.4340694430843193,0.4358483866645919
309800,1.4342500749844236,1.1995305658988402
1410606,0.4464136521631108,0.44873253228041887
387631,0.46304815182967707,0.45701039090131534
79929,0.4841132887364796,0.48002871136632325
1580092,0.4139962975516909,0.4160217154085425
572478,0.4552905708452595,0.4576300177196354
374847,0.48151494914661647,0.494122337381733
867904,0.48737916451333285,0.47199993411313185
523841,0.8919645840010718,0.7766180468290267
579137,0.43495987581837864,0.4356077052175756
768065,0.42670357174854984,0.4211125280934217
523844,0.41729167732692013,0.41064383666786064
224325,0.5199051747531224,0.5065918974278445
523846,0.49430700418315104,0.4917918031481048
673860,0.5394158810684461,0.524288402196589
523849,0.4629947626579635,0.4604467566995218
523850,0.5514149686970118,0.5224605166563081
1033806,1.0099712569779618,0.8718640908296547
213585,0.43804687086961236,0.4240192143672249
880724,0.4230025602875981,0.42518252703514814
1229909,0.4083859143897975,0.41100007927089705
416348,1.0987454911294874,0.9353707089048658
589924,0.47212523004490003,0.4693093575046897
384616,0.45958246412870785,0.4419429728742436
990316,0.521779166903525,0.4920826148630028
348780,0.9499934867781596,0.8726707523965959
2162,0.42539869556413423,0.4221347481596154
797299,1.0078502538881042,0.8174985397086302
1505907,0.5931303710210383,0.5465774378945504
797303,1.1677652652520594,0.9821481907556241
797304,0.9651364874650759,0.8116555086424857
1184251,0.5130434077115014,0.5067483196503368
397948,0.4584000138656992,0.46057952845068145
456320,0.42571006173910886,0.4252792516922467
186497,0.46009790555086416,0.4626391096979332
634497,0.8834870094691908,0.7582070578386313
572546,0.46087520022459766,0.4609886528177586
634498,0.464129854421828,0.46393678082639583
573063,0.4561958883629147,0.45973661119458914
573064,0.45046215651485083,0.4521030445343475
263820,0.48510284742551424,0.4816784824083924
1201294,0.7344015918114922,0.6920508017316328
1183377,0.48870470045254916,0.49195109843087886
756883,0.9045321451741904,0.8508676056144638
795797,1.1921734489441251,1.0174783407788668
694429,0.4688826808366544,0.4656804329139642
694430,1.2595057164509733,1.0284871821262251
768672,0.4547298855102243,0.45445668852001675
273057,0.4120811058158012,0.41188657058453493
1295009,0.4890298640397027,0.4876379487476905
768679,0.5181171759703603,0.4885953234117834
273063,0.40591673325892813,0.4070235319050855
591019,0.44879001017819437,0.447994364014766
273075,0.4950981426188965,0.48156713694070663
439481,0.5141564941710136,0.5135247150770481
323259,0.5055734108224643,0.5016382924514966
163003,0.6640141059608763,0.6088826934261422
399549,0.44320357021256784,0.44865856875662363
399550,0.4467587609061482,0.44671863315978616
604354,0.4596680975082114,0.4614580493914001
415426,0.4353066964907144,0.43365429384687015
1273541,0.46628712863947036,0.4581540297043943
644295,0.4479101336504569,0.4455482113177787
999630,0.6424902509036126,0.5776130368202756
1236689,1.0724013020495757,0.7932420170245863
273116,0.4500307705902588,0.4505533972309625
593117,0.5905789854856306,0.5701739758496464
547558,0.5017478285721386,0.4891285708960324
547559,0.8681949661442693,0.7741786376617114
697581,0.4714148615691134,0.45757034734169244
1056495,0.4495381696346292,0.45174013335945945
410358,0.5851325297332226,0.5294605652762068
765177,0.4871992329584367,0.4895893892583743
456442,0.654453746080543,0.5789830572472786
1343739,0.46607967954742424,0.469171879059924
1434108,0.39384253570160016,0.3875608631480946
519442,0.976374837306854,0.863063714101613
582419,0.46472921349060897,0.46514459369633715
1333523,1.41051186246855,1.201392974783709
368407,1.0500584839695803,0.877237748435786
368408,0.5632618348592953,0.529558378569544
868131,0.39497659504438654,0.39524642562848533
543526,1.2367915044699307,1.077404649921217
565033,0.5200503570361165,0.4949546206128421
529709,0.5380858686526223,0.5181542592023977
521011,0.6546856062342895,0.5808943142288338
406327,0.4424119347573114,0.4413372343562178
478009,1.4386289573963627,1.2293119142918414
633148,0.47167227922583155,0.4742913890780004
1577791,0.6133835516103671,0.5828205110975224
1094980,0.4914802409944439,0.4730697497290277
751944,1.3963275201662129,1.2060865584694582
419665,0.4427817445623043,0.4396670237941212
593750,0.7118668226278995,0.5957560721879732
333146,0.46797301097010824,0.460257133878324
926571,0.5096162558225935,0.4663060117375731
1379702,0.41562199552843465,0.41362028752253893
426368,0.4488332265918818,0.44751113731841025
469382,0.7836949410381749,0.7228501672845646
666510,0.5320310651263341,0.529231513803232
877455,0.42672923374937194,0.4293410558930713
490899,0.45403905844698267,0.45213317857676716
339860,0.4702343760611782,0.4668861466157754
69014,0.5474466990831505,0.5194585099974237
420247,0.4915572789625301,0.4918989496729299
1301915,0.4516081259096597,0.45364663481133527
693661,0.5072024208969604,0.4851092117359228
1550241,0.47567684296945245,0.4731655009745645
1604004,1.1064068265574318,0.8916704443228287
933801,0.4197224815233336,0.422200074397973
1006006,0.4398431610420203,0.44428972160215324
351160,0.594615616636635,0.5267390216508246
195522,0.6004786783658939,0.5686894345086714
268739,1.265999765115859,0.9458578319094914
391623,0.4832355433650531,0.48122616727185147
70601,0.4691894044094209,0.4767825887827775
647113,0.42357821117118505,0.42569370154257513
272844,0.47808393766586443,0.486048829804054
224719,0.4024743578833553,0.40132703272279485
453591,0.5411911284086292,0.5515131002228923
230361,0.5026478162544892,0.5029568952737257
679901,0.4768593205157289,0.4728012179920438
985053,0.45177952076238076,0.452084939464447
1603555,0.4635425895729775,0.4611142976568496
259564,0.45297263620237144,0.44373445591880156
1110509,0.8727948395650026,0.7300054249604463
1434100,0.5114100816225434,0.460805814528675
113653,0.6272964307067045,0.5723448429413752
679926,0.5548075817040367,0.4968958323000178
1434103,0.41902946163229016,0.4039694085192604
1434104,0.4888416995351561,0.4708001254731872
1434107,0.39477498313028636,0.38737489712051476
1053692,0.4466263275985885,0.44830826744733415
1434110,0.4284509221403764,0.4150743666736547
1434111,0.4241606509685554,0.4069309635980305
1146883,1.8753452676712943,1.771923432989917
1564681,0.44656603272375367,0.4474124756863578
1384459,0.975366079080966,0.8507848671252298
270351,1.8499293631463554,1.6167449079289986
1089553,0.6022624021714051,0.5271653647809572
1286171,0.5069680104267459,0.4983905247348006
1384484,1.2790176333067438,1.0646789845099296
237609,0.9072620414241681,0.7929645151569458
589865,0.8622865212652199,0.792936927559291
48,1.703355843129273,1.567954924572019
589873,0.5196551613686404,0.5218395324039409
52,1.6397858097464153,1.4025406333344252
1007676,0.4555046471950231,0.4573451472303505
1196094,0.46634611009626586,0.4618487433525659
1196095,0.4573940086902695,0.4570652324546746
401472,1.0512114327277449,0.942815303942854
860228,0.5017462708686079,0.5007158952074112
1212491,0.509397368708061,0.5084129302971684
860235,1.4242751952905923,1.28552339681601
1515612,1.0979971300308327,0.9753923676444523
106592,1.083417389599689,0.9713092584394866
311402,0.7567097076128008,0.6981665802812942
335992,0.5044937550639781,0.5080664393927813
1278073,1.6040155024783849,1.5266129647026156
1179773,1.937359470795032,1.8319257354099088
999552,0.9299273887830835,0.859784562352919
573569,0.49710872188311866,0.4975833140090163
1458307,0.5843074038017441,0.5609102234167314
426117,1.8354910507933873,1.594119439748172
1138822,0.4731867205698684,0.47599435133134577
106634,1.2810336081636668,1.1126943589833411
1441930,0.53381517594672,0.5081600908507122
688269,0.5259624682021178,0.5225997870007708
688270,0.5058852003353619,0.5065431577948114
90270,1.1948340578055616,0.929578777107945
1843368,1.0186611988545322,0.9397379188356679
262316,1.5515351971576727,1.3787476067870958
1228987,0.2969999130222824,0.29714702348290994
192,1.5701033565850433,1.384069489592633
195,0.47048938627050996,0.4733265007839072
762051,0.4658444468195834,0.4663733591979311
199,0.48657165751040204,0.4918245954699594
483547,0.7800956194834914,0.7202591982098541
868595,0.4680882481094532,0.46316044645537174
1835254,0.49616323089279113,0.4964564494003089
1147128,0.8728076592032971,0.7643193549950272
1458425,1.3557120730643004,1.1437936611186106
1458426,1.330404098575451,1.1131547374911228
680198,1.8014820565152663,1.620635923862724
33033,0.4837135953667669,0.485858679012118
794903,1.4438302263540195,1.106873082210305
33050,1.2970607964666245,1.1053103637135615
1245469,1.2049215203034584,1.0411284773610163
1245471,1.350590514725957,1.178815737640652
1032480,1.2242999008908562,1.0920831643972926
450851,1.826675853080118,1.6487948713585114
294,0.9242726270286272,0.8313176819742161
296,0.7844361546347899,0.7091966573291958
1130798,0.49810430819502965,0.48727706595580017
745776,1.673442158635588,1.5204093669420349
639282,0.5074117346870257,0.5092542605052174
639283,1.4101662621491675,1.2596362196937196
319795,1.0748212393369942,1.0252758131694657
316,1.147356606400405,0.9729768302146861
1302858,0.5235080955542273,0.5230515420260831
123214,0.5099806455123239,0.5118865573107885
1302863,0.45821046964397194,0.45418871208969364
680279,0.4629751448166607,0.46512455217849413
1163617,0.6990148861296542,0.6206894678915497
426355,1.8107094327874689,1.615595259368664
376,1.0710595222542312,0.9052965910244257
393595,0.5521498606892324,0.5342555112057658
557436,0.44951551158285225,0.451661456871752
1286528,0.48484553592544355,0.48345031813907596
262543,0.47737155104582385,0.4753858157716299
565655,0.48663831933037954,0.4873623232559341
491952,0.49422083832015923,0.49601648031089585
246194,0.4740795686501701,0.4744406650337502
246195,0.5308352011842883,0.5264589217993867
246197,1.4310180776044985,1.3926123591571486
246198,0.5531342379798098,0.5109465138919205
246200,1.1754217269766543,1.0768451604769895
449,0.5114362082456032,0.5120997792165968
451,0.5141245174162244,0.5147617682153564
655815,0.4993595554175683,0.4999861536037294
1335757,0.8259247029798581,0.8031848284541246
470,0.4593951413675751,0.459936973132618
41431,0.4698263314948725,0.47016679511527676
1163745,0.49772388440333043,0.49877943471598607
279010,0.47894293311050573,0.4765945745456406
1163748,0.748236955753863,0.6896490607501014
1401328,0.3297864421985631,0.3301856156591928
1581557,0.49022699566127725,0.4932227277386943
504,0.49561593332479575,0.47511364454286525
983544,0.5201781489585271,0.5215017042063387
511,0.8122781111564925,0.7128376566790062
868864,0.5138604798409828,0.5128912744920592
246273,0.39031707935827065,0.3899809613136133
336407,0.45587308430661083,0.4550489393569961
557598,1.0546611840963385,0.9089020237753367
557599,1.0749198744110882,0.9767246319757927
549,0.5708182341913688,0.5471240304682808
983594,1.6296000031448634,1.2664320010825953
213554,0.5252402757399015,0.5224387874062641
571,0.6278984058428243,0.5603106229944379
262719,0.20119834185522228,0.20147596292142098
279113,0.854961649532614,0.7137853986525238
587,0.4574707170885095,0.45614210519819665
459349,0.5303075562219292,0.5299509731690173
262768,0.3796348316254063,0.37919147823170024
1581680,0.49344111020359777,0.4952040166681011
598659,0.49134667307101365,0.4909331750146932
574087,0.45821043077691964,0.45952629645574883
1532555,1.2422771531614385,1.1572913786063237
652,0.9328488124313138,0.8201869061162146
654,0.8326859671184009,0.692970049832301
656024,1.3335080571147617,1.2272248959970782
557723,0.46263406059179507,0.4662004877775706
246432,0.43521941075113035,0.4349004534155724
673,0.5262630166801133,0.5113183356161385
991905,1.5142325031523818,1.263555671426107
676,0.5249937535298254,0.5090680515115215
484019,0.49111527965566193,0.4901823170604685
762550,0.46044110789365783,0.46031672093452997
484022,0.49757147690580633,0.49844421975322645
703,0.524281452247554,0.49475786085955575
58049,0.4722705481520692,0.47254928361067783
680646,0.8974137230445245,0.7881731581234784
279238,1.3058011813815171,1.0995960500802424
1229512,0.538912737681391,0.5396722421680056
230089,0.4807607897953581,0.4746827953761309
714,0.47725889358366047,0.47511477737898267
732,0.5023679248096877,0.5037151066643247
82654,0.45041870521691096,0.4492994366128562
795359,0.5050199586505235,0.5059729061778174
754409,0.5144401177649843,0.5149124372208723
434922,0.49233433058775616,0.4926568127365622
747,0.4932086375405542,0.49418207129620784
467705,0.49079143943322967,0.49024503190336965
582402,0.5111019202500171,0.5121655582160172
1450761,0.45975041590072524,0.4439584688740334
377629,0.5673029167103982,0.5518657567934769
221988,0.48110784200582735,0.48247714904051253
754476,0.49693371233133504,0.4981340214467981
754477,0.5341791479759107,0.525334765065633
818,0.6113303981109837,0.5736273015757526
74547,0.45117604156035535,0.4482001548307441
74546,0.4511837912337121,0.4524882879139465
824,0.4480883132345792,0.45034901210045974
754502,1.110065922864568,0.9043877278683332
1008459,0.5252524327558209,0.5297339535792339
443218,0.7230447142546604,0.7134805447511876
926550,0.8137540155517464,0.7456483529385693
869209,0.5157130858907341,0.5079510015911523
1114970,0.9562544291125062,0.8367121073584003
869211,1.2024765961004373,0.9903509090632072
754523,0.9335909068341101,0.8230931934959463
525146,0.8517886567687851,0.7777404176491104
869212,0.5853458730389031,0.5747037309775989
869210,1.16745068031109,1.0525682911734993
926556,0.5521275724956803,0.5312665569453705
312153,0.5069632064237415,0.5090086063350889
926562,0.5340385112554937,0.5341937784125146
926566,0.8615830670899014,0.7665972434646252
926569,0.7256222537635066,0.6186157566553101
926570,1.5017581100863397,1.2563661136884514
983917,2.0830871384961474,1.825103703254214
1262449,0.43703077625205616,0.4384743825377413
713585,1.464639811726119,1.1892479959959854
883,1.6198932869284532,1.40780557477403
443254,0.525224706711348,0.5238651705942154
1418105,0.8539832430703326,0.7612437565604208
897,0.8992841590159151,0.7662778064603022
901,1.3878662587387676,1.1832056064911265
1262470,1.0593706916953258,0.9022013202483397
418699,1.6091791702649052,1.3739833197491402
1131442,1.0064159282956484,0.9403110328397672
1229758,0.47097738838146974,0.46984458806625573
697281,0.5274706559425005,0.5171851264546051
964,1.1693282030282304,1.0369262531347427
697284,0.459878522076267,0.4476244476422437
1123269,1.3733412425762215,1.2076542068695675
697303,0.45334248858974696,0.45318196036209707
986,0.5159996077678408,0.5160894453731578
254945,0.36094853336992433,0.35883289705618476
320483,0.561058159502669,0.5448842534045074
394221,0.9125524265938619,0.8640445972292692
697329,0.5571442876879728,0.5233407392149982
189426,0.5044242682077178,0.4960672192818117
123899,1.2673387739466682,1.1333867751039033
246787,0.6230385404178717,0.5885181221820726
1229831,0.5170193077351055,0.5181205203181409
762903,0.5316994254474418,0.5319797002505212
1123366,0.6837992679746446,0.6508496043876941
1254439,0.9108126769858201,0.8152089087372946
82983,0.4788093780911409,0.4737136912859086
82985,0.4822028123191008,0.48326164533124255
1508404,0.4363120531067083,0.4368880015017321
1079,1.421063103227362,1.2715134646603345
1123384,0.66002022248428,0.6290795443889997
369723,1.18900998527446,1.0914370753287006
762948,0.5762366864283188,0.5354823697698607
1664069,0.47844525100484203,0.47411678416685427
640081,1.5093258051202671,1.16568531407355
582744,0.7073390690922107,0.6213921680447357
574556,0.567627477913997,0.5476300808998041
558173,1.2555281157219764,1.1481204462697736
205920,0.44224915351831046,0.4414096886325228
1041504,0.5031421260058202,0.5031698477351018
476281,0.44736414746655107,0.4478714680488692
1148,0.4956914007978234,0.4931750075777273
66692,0.4658723438271198,0.4625693525914097
640132,1.559380848063432,1.2658756906812356
656519,0.48459093522283014,0.4857862879303442
33941,0.571600035940883,0.5316517444371339
590998,2.3826287640549526,2.2514069311004032
66712,1.1802653938754852,1.1323397769519536
591001,1.115855611414735,0.9000429319057044
861360,0.7718211403772924,0.6575558767872979
1451189,0.966846686797843,0.8859765836865752
263358,1.572869884769214,1.4372573697339484
1385664,0.7335888390399229,0.6600629764435887
402626,1.071548345597665,0.9615606782642425
984262,0.5105465507931664,0.5070222876500263
746697,0.5068908564695134,0.5075155418542049
156889,0.592488750990129,0.5702087821317791
1246,0.4820613435900802,0.4831649686269972
1254,0.4902799899758877,0.485172667211673
582899,0.8539570203959357,0.7719830038450227
1274,1.338782085783098,1.2832361792319817
1280,0.44557114056851627,0.4467437690501377
279808,0.45724219933872623,0.4570946867144767
1284,0.4610451402515749,0.46112403555548365
1286,0.4638550871478584,0.46408062097736613
394503,0.5197603377394319,0.5171188909168003
1288,0.4414483560510816,0.4414747980011296
42253,1.035365982811889,0.8518411256865895
34062,0.48061633669365855,0.47987194092159646
1295,0.4463215294729929,0.4471416865962008
42256,1.2855924468659392,1.1643420225169323
1197325,0.06993992880108477,0.06993992880108477
99598,0.44988491632012456,0.4490916334933664
1304,0.4963051035813901,0.4945038073060796
1308,0.41272523877450634,0.41234246087019294
1697053,0.4891246633289647,0.49142381168559296
935198,0.4404420410608059,0.44226896585845465
1074467,0.4444943440061447,0.4457190536797024
1565991,0.4168164982796029,0.4173933244208727
517417,0.7915779355543419,0.6650818132168214
517418,0.5505407449899893,0.5236998235932021
156978,1.057011753642163,0.944189109419679
1346,0.479365048934559,0.48067636091753496
148814,0.49999659236578414,0.5011062419804426
1410383,0.46273836765827614,0.4631324688532927
1374,0.44672548945617196,0.44844431475559815
1376,0.4881356069599035,0.4889107760151548
1377,0.44259376969306774,0.44316529491519874
927083,2.2613441328980146,1.936865270253154
386415,0.4786640028485946,0.4789443083266038
1405,0.422370151363301,0.42071584316914756
1484157,0.6787611162392514,0.5989447739098955
1408,0.46940986568304344,0.470583855084396
435590,0.5860905845595997,0.5558197373849679
435591,0.5781378874551018,0.5560647947984568
1426,0.4584372789769812,0.45042641707145326
1428,0.4289920283686443,0.4276728229585803
1041826,0.4951480629096189,0.49555888755391087
1705394,0.4740355170475214,0.4752200800291015
402881,1.0773185946923112,0.9434923098854798
665029,0.5434033608807608,0.5157345165954722
1478,0.4035772865150072,0.403707501644995
1479,0.41542669119749287,0.4154427231235892
1482,0.433140643752733,0.43315149804777753
83406,0.5978023333993175,0.583126587654209
91604,0.47326320682783857,0.47250516999745296
1492,0.4595344265356299,0.4609563301185071
1496,0.4508455347054781,0.4483735774772571
189918,1.354188310828054,1.2406077122708274
1511,0.4857128755393261,0.48873722726137603
460265,1.4340387194428794,1.1958793926011724
755178,0.4619938739789965,0.46259772462077015
1519,0.46055770769302407,0.45947536181578824
1520,0.43216705898861896,0.4325750840992799
1230341,0.5505988008417383,0.49225231689265464
411154,0.5052815112088944,0.5046606525703495
886293,0.908816185310145,0.856089555326437
1173022,0.4733493820854159,0.4732393173730093
345632,1.2289740122232016,1.0129826949912402
1173025,0.678521313024878,0.5976712019710243
1549858,1.5380974965013217,1.2787295910433836
1173027,0.4928391564579588,0.49281425662623346
1082931,0.9852540527713396,0.887627530906327
648757,0.963259815095778,0.84565654451827
1082933,1.1333663913375265,0.9742811280118562
1050174,0.676255111787791,0.6149036269868957
1600,0.4666502382125842,0.4677943626933277
206403,0.576278799598808,0.5322383232193496
1604,0.4610926969023375,0.4626753668588526
525897,0.9997491221813027,0.8368378436379262
714313,0.4449733668151981,0.44487396913432325
525898,0.5040154355093042,0.5046633522012688
525904,0.6871330327232008,0.5481807776150486
525909,1.4098453044921855,1.2443603203102622
525919,0.49669600248171647,0.4978242485795998
886377,0.5343839530360187,0.5266675047886176
1033837,0.45187936326403866,0.4529131976725472
935546,1.0525463237496802,0.8963622193041159
1661,0.7283359232744384,0.6625920541205728
1255043,1.3655873244656036,1.1435753105250546
550540,0.8851677861760457,0.8114778926112381
706191,0.5243933815790089,0.5172003332430339
296591,0.9224847661384697,0.8312748749222321
419475,0.6158004506183833,0.5731329356283206
1205910,1.5861788337045326,1.4278112533585785
1687,0.9148879663887768,0.8305139708614586
1566358,0.46705165204065413,0.46269027927240436
83617,1.093880952957679,0.9806252931474513
1703,1.0956236105698332,0.9870346177699459
1705,0.579657639513038,0.5443095174677061
222891,0.47453893794692414,0.4765587234582828
681645,0.5365198141176581,0.5221636381523636
583345,0.49836302168255225,0.4987752598965635
1717,0.5874680847867806,0.5321770712257837
435897,1.5770779126293342,1.2321670247004173
583355,0.6204893938359671,0.5943704883272467
444103,2.0443890245774448,1.8202262915243679
1074889,0.5406366265643401,0.5420068888059459
1748,1.4737662094348134,1.3575118676769429
1435356,1.6359306399345959,1.3661024291023138
1766,1.0916971972222458,1.0168928723271407
1771,1.482378121666524,1.4145859918573918
1246955,0.1933293505368756,0.19334137911678148
1042156,0.7531015032953142,0.6570429008076218
1042163,0.4792985359962203,0.47881101710559665
272123,0.4582979755406165,0.45837021567432645
1492737,0.5212420449808557,0.5208808533209756
1173263,0.4578705516113095,0.45804321328503367
362257,2.0218253966016224,1.7969296835341177
1246995,1.523891662290045,1.414574492094989
1648404,0.7214360631375334,0.6934889294170028
1214242,1.9181745475873704,1.7822568615301002
771875,0.5225866413775081,0.520240253162453
648996,0.5994254861613846,0.5810381903705633
321327,0.7506250283483734,0.6430437610217623
321332,0.6912053543729972,0.6157286019914102
198467,0.48058251214964204,0.47879203858204766
1541959,0.49560225658543444,0.49619483387604113
1156937,0.4797421180758041,0.4693724830100655
1206109,0.3814710715089176,0.37872872402529906
1888,2.0288399448007377,1.830615314336422
747365,0.5020159442383608,0.5047293303820233
1901,1.9658224521345657,1.7816750428543224
452471,0.49358154644839203,0.4919444864679794
378753,1.79044812444453,1.6886443328076954
1926,2.00037541527921,1.8220812898579455
526218,0.47704580653878614,0.4754739503021834
526222,0.5946463192074879,0.5366521904960847
526224,0.48416795087163966,0.48449652223410017
526225,1.9794849603475988,1.8969539259503667
526226,1.20146471757567,1.1000479445202984
526227,0.6784817607217223,0.6372551282820774
1484693,0.9514470649260991,0.8423944905162702
1091494,0.4901916257283682,0.47922778132810834
378806,1.4685336829282152,1.3126387574892129
796606,0.42745320296259354,0.42651540399983695
288705,0.508304775876131,0.5021141129680282
182217,0.5061744182642605,0.5052977510172576
927704,0.7413858838345074,0.6091021486883408
198620,0.9214522424238192,0.7900876046734765
198628,0.685111623563198,0.5916669493934038
59374,0.778733404380736,0.634099630319284
1042417,0.4819313228628559,0.48114112522734326
2045,2.064202576575864,1.9477675607044418
329726,0.47697334783895684,0.47688754425688795
2055,1.4295108123098361,1.2372568892275428
264202,0.5349940810129188,0.5377991661948633
755732,0.5246298465080882,0.5250869940026911
387092,0.5439536558447923,0.5298407612099932
706587,0.5562554955262666,0.5385761134715109
452637,1.2813923405089653,1.1183479024882217
452638,0.42163887767072444,0.42308313621415794
1198114,0.8502998848364246,0.7442895159369957
452652,2.264321349768678,2.1062191135630304
2094,0.18745363836523898,0.18780757211768886
575540,0.8586541896567634,0.819686558068439
84022,0.4593675661817374,0.45939756033287793
452662,1.2383364364985618,1.072387168244943
2113,0.18154969735624737,0.18205641450975746
673862,0.49380502950560995,0.49410558687852385
157783,1.030401865811531,0.9334873671103018
886882,0.5035822072793609,0.48780729667959927
59505,0.9324515808963006,0.8336595165755901
75906,0.5166677846919971,0.5159989424795697
649349,0.5291218317905653,0.5306583588599989
198804,0.4781209289263677,0.4779711524209968
1460372,0.8783351937578813,0.8096473517880556
592029,0.5213111051668403,0.5230509540682445
1345695,0.42577812412197014,0.42545212112430897
272564,0.5078852771597203,0.49081836497503617
272568,1.4028978184421736,1.2046466252962122
379066,1.0873771289117895,1.0232263157383912
1009858,0.49192557595588304,0.4919908929454541
1714373,1.9531826031135486,1.6982877417584294
1075399,0.5269890259497791,0.5268353694200375
551115,0.28607069476846314,0.2859939326147823
936154,0.4264930101316234,0.42724462393183127
936155,0.5128239629418329,0.5125997050560286
395494,0.5870972291974755,0.5620894176166013
395495,1.7443669707128109,1.5121894826217828
1116391,0.9354290969816613,0.7714573666635044
272633,0.15660752179092785,0.15665390896627285
272635,0.19940418111233366,0.19784404907720735
313595,0.4630890514570388,0.4639082431277571
313596,0.8549992011068919,0.712599904132827
43263,1.2867459438749687,1.1140756084130803
452863,1.1496303331165738,1.0678576612989468
313603,0.5413354602933705,0.5413059862118178
338187,0.4670458656139171,0.46929522310191507
1239307,0.570204812924278,0.5333787496318243
264462,0.671887619958593,0.6124967646639705
387344,0.4490097222664829,0.4508445157659968
2325,0.45044455799693406,0.44786042776845025
608538,0.5218697421607266,0.5168359886975823
575788,0.4791277127037167,0.48134854096046903
633147,1.1654199552792561,1.0124641890380068
633149,1.474110272866298,1.2998754051075778
84292,1.6910903081828048,1.4952850176894037
903503,0.44606216123243986,0.44586691955113006
76114,1.385542763268929,1.1264895311182195
362837,0.14834896419066423,0.14839221832652294
76123,0.5723622328799731,0.5411807966142513
59748,0.3761728788119983,0.3749516748914106
698737,0.4494999185437044,0.4498633678810866
698738,0.5043049249594406,0.5055639231536736
2423,0.5216426644635961,0.517812325929264
403833,0.5077935076616527,0.5079138368934957
469371,1.719114342912015,1.6766827935802011
1280380,0.6507919487925592,0.5866600011977762
469378,0.5620795088124998,0.5510444844973582
698758,0.4523903779972417,0.45364573662692725
690566,1.1315855492537918,1.0037927476514503
297352,0.4590345494872034,0.46114765008424413
698761,0.8806131324381392,0.790095348412289
469383,2.0474708556708974,1.904683851061588
240015,0.8845392510571605,0.8095381061180458
1313172,1.5922104188226056,1.3841147305350538
420246,0.4833199993239094,0.4689708210557155
1247649,0.9147734292105673,0.8289883555117019
944547,0.5106068436024493,0.5113657121786352
649638,0.861794184421051,0.8721552416194489
649639,0.4237662226967472,0.42369700927523934
190893,0.4931539156589918,0.4950959771183598
1403316,0.08306850908678196,0.08305786882687588
1771959,0.9808910101806217,0.8920475238504376
1051074,0.4229840686719125,0.42421864553131894
477641,2.026674353338411,1.997461712231243
51663,0.4652884811816172,0.46722455168840926
641491,1.6223967303952405,1.3696874171382094
330214,0.7436734695768691,0.6837093868670227
518634,0.8939462721405288,0.775249502405554
518635,1.0152893308104232,0.8733504000791501
158189,0.6283795948512153,0.575623038468115
1247726,0.6005927826841128,0.5654125291111826
158190,0.5855197008428695,0.5511150153995957
862719,1.5460542808115447,1.3404062409110549
59919,0.44638794418793226,0.44735265530853563
59920,0.4337266608771168,0.4346303734259661
264731,0.6518546252341768,0.6001359469033395
485915,0.8519337035866618,0.7266088298609716
485917,0.5750980668426077,0.570146533190991
485916,0.45844943758422485,0.4530977695882952
485918,0.582527724796118,0.5598102433611253
1354275,1.4212830108792665,1.29696973098935
100901,0.37248914089009716,0.3723262150766952
272942,1.4884271834999394,1.3793089612591711
756272,0.7366780090184933,0.6896826444701332
272944,0.39468845406605607,0.3943951378901421
322098,0.37046468480462275,0.37060914640191484
84531,1.5893782080071441,1.2275079765960868
1034807,0.4910862410219743,0.489203331474398
1354304,0.47079193795941215,0.4666104950391143
1337936,0.4657076307767532,0.46487296681972023
1296990,0.9257014190540452,0.8534694273018363
289377,0.5068606092497729,0.5081364478159345
649831,1.7140765890856244,1.5532323567835684
84588,0.6984743597697386,0.6287845701333112
518766,1.318082674430906,1.1268008849761046
289397,0.18381302316769785,0.18398951047207862
1124983,1.1559701439290477,1.0016375727868778
1124991,0.5310833789588949,0.5065758717991914
903814,0.5603710479198407,0.5187616074109496
1690248,1.153775258437138,0.9646527955773729
43657,0.5178220741332334,0.5180679368502414
43658,0.5296100541613311,0.5301876769023128
879243,0.5460610438584894,0.5444264551750767
273035,0.10175294018765542,0.10192308874990007
1338011,0.4956788559524815,0.4952689531962459
690850,0.9505935069588706,0.7901991292929702
879274,1.4378830883833558,1.1867064349656633
273068,0.47968497693891954,0.477770472147823
395961,0.4995683908393537,0.4932151114377823
395963,0.685630270521247,0.6398612450817263
862908,0.5112239094099901,0.5136803676042095
395965,0.9306664845499266,0.8679442248900157
256701,0.8414076755574044,0.6943774945357029
207559,0.8862304620732905,0.7862404627891595
748247,1.3580451149425854,1.12602262655671
273121,0.5413269910363551,0.5417450290446362
600809,0.5388274848977604,0.5382666006802881
363253,0.47264947293290877,0.47087473921159545
862967,0.47390534219565417,0.47437434703853004
535289,1.3849108315591319,1.1983217397764112
862971,0.47559155467567876,0.4745531070362328
658172,0.4275631887636858,0.42737714654164205
412419,0.5349660375332241,0.5351947807877144
1231624,0.7411198943262265,0.7145147581155094
1231626,0.48434015954777127,0.4833826022324958
1288970,0.8348573222098643,0.7743242154313262
756499,0.46835224219636246,0.4614618812039283
477974,0.78679314441989,0.7098451794121441
502558,0.825699321074856,0.700848688448795
158500,1.2486530684416464,1.091212823391954
35623,0.5178873845738837,0.517902511059667
240427,0.42546147730266903,0.425143048471369
682795,0.7937984742214222,0.7028308768945971
420662,1.7166134645136528,1.4908160751945745
191292,1.9187101048942725,1.657375432880313
1157951,0.43570034600975555,0.43609497433893507
1379159,1.16777843828917,0.9915862008134173
1223515,1.4581233379575524,1.3647039163119545
1182568,0.851607479629707,0.7738362380547902
1182571,1.2172498346051368,1.1407405498359646
699246,0.5534799836617113,0.5453467658092013
1215343,0.45857023189022444,0.4565458461865759
265072,0.6753052320787016,0.6084836914485203
314225,1.1522219444352517,0.9649152871703814
35703,0.5784897787642111,0.537219349910875
945021,0.44190840680799975,0.44273854597242
1239934,0.5070985621654592,0.5081361633288102
666509,0.5766099093478784,0.5449721576956968
314260,0.7502418901336392,0.7371946395492436
1616788,0.5780770140263567,0.5171482642724446
502682,1.048142901144036,0.9261228075521127
404380,0.9923378821063608,0.8103213005707257
838561,0.1396058153411023,0.1396323145562839
748449,0.47103432705768294,0.4715779784925452
650150,0.4873523168863661,0.4893663682513894
314282,0.47388898300114257,0.47482773907889186
35755,0.49485206703359924,0.48763110955885663
1608628,0.5901472826288222,0.5807295885090175
76731,1.309503781140082,1.2268953357402095
1379270,1.0577425656581891,1.0028417831606218
314315,0.4504453438717053,0.452255697758473
355276,0.4569561695580322,0.4476580244551723
429009,0.6890237314314867,0.6254931325508353
43989,0.4731481077476788,0.47399278832975883
68570,1.8897622829249656,1.7259546215926824
35806,1.4279393066756954,1.2330151800666962
330734,0.5667745012753564,0.5480230849769065
1051646,0.49236908393039314,0.4948449370503277
1174529,0.4224760952184126,0.4227860961807566
658445,0.5202644025512765,0.5000209023909119
338963,0.7574140733574617,0.6614767743931484
338966,0.8953969069502415,0.7497360574582514
338969,0.8071228255300797,0.7323379963402816
420890,0.4563585294364809,0.45842884899909087
1125411,0.4969903404956324,0.4984538840801121
93220,1.3467248467465585,1.1089850292811776
76853,0.43448850297201486,0.4351425191450079
1346614,0.6141219175684068,0.5676355206540982
666681,0.5033905651225153,0.503753384681562
666685,1.63562028889529,1.3014770919038645
666686,0.42084520310365114,0.42041717487663294
1469502,1.6467172356954258,1.298571450374689
511051,0.5020082126137324,0.5050031972182917
216142,1.086363962137617,0.9207185969007725
306263,0.5008816618916812,0.5026581007645441
158822,0.6202753764194174,0.5690797515311907
404589,2.2677224840364483,2.0653285813277558
273526,0.8314774227148284,0.7149738632738956
347256,0.19931994477747064,0.1992748283319247
347257,0.16604917787896306,0.16520077223159194
191610,0.9068576010621058,0.8671649470483335
1141883,1.5560214570389075,1.2222653488801118
1223802,1.2905575241790892,1.0472119845908197
543877,1.3419314870270207,1.1277766183376587
101510,1.4695074463120554,1.2428806245199742
76936,0.48824500750651056,0.486521868863369
1199245,0.27402057418924924,0.2730959851177255
134287,0.2715269062355889,0.271631268302386
322710,1.566321808806597,1.1548769865302073
1330330,0.5289271632257728,0.5240785716228972
1002672,0.4807059182637351,0.4829204782951314
1297617,0.9798289442815944,0.8528541079675922
44251,0.6093760558397627,0.5388077010219535
109790,0.48310263386050406,0.48455200454423153
445710,1.6674206876188435,1.3562331412910344
519441,0.5206972713090051,0.5184410608641347
1133849,1.4500855195965938,1.2292234646824043
68895,1.167609110401598,0.9919174489355423
412965,0.44788602806231065,0.44857314846988466
396588,1.1338913498775278,1.0037562913983755
871738,0.4797493031384341,0.4694561744330386
634177,0.8029467028066979,0.749863773423558
1051973,1.2796682705226141,1.0619300868238069
1076550,0.5449762289270339,0.5300376140369041
257363,0.4266798200175158,0.42575632517459544
1404245,0.9600098253576866,0.904066837508588
331104,0.5431782145388315,0.5432112151941303
314722,1.9556774081965531,1.685444491587602
306537,0.819961819658814,0.7215345247766044
331113,0.5259463955593272,0.5277457911931784
1076588,0.819331239695727,0.7317614966046831
159087,0.8502483554988718,0.7274681959425455
216432,0.5286220352295693,0.5276039022334912
1453429,0.4522579049363718,0.4524221111655386
28031,0.43912712226606293,0.4391258834387369
568703,0.4623878426853694,0.4643306180331551
667014,0.4994893882781122,0.49859522553273966
667015,0.6508055528316689,0.5534780157197599
298386,0.44846762599828005,0.4498071809572828
118163,0.46895685353401045,0.4674611607201947
28072,0.4861831228160664,0.48641509098382385
1486262,1.0614999140514645,0.9553952013313304
28091,0.5694127691158767,0.5051266043204793
642492,0.4740174358439099,0.4740619864744286
28095,1.7255866373910307,1.3497301016580634
880070,0.5183075289345024,0.5174399520059723
880071,0.48839522667752017,0.48814516761885635
880072,0.545116340857827,0.5236339505008627
880073,0.5515325101716699,0.5469186479342681
880074,0.9139098615667818,0.6866286975146253
1117644,0.21114361654685243,0.21144798337465884
1117647,0.6584563023521488,0.6192801032995575
28116,0.6117458463316537,0.5882612612195013
1125847,0.9448449624837707,0.8474716646788852
1248727,1.3164477179797172,1.142332304043492
1150423,0.9136097481376914,0.8042023854248492
1224162,1.4848147265829845,1.324659760799672
1224163,1.231245301974292,1.1453175820528692
1224164,1.1928269585890947,1.0203487826653261
445932,0.5131166607732023,0.5087820734810534
28141,0.6671512111246737,0.5900942323321582
568816,0.6413974219082318,0.5795813555928477
1150461,1.415694168940367,1.1610878674337715
1150468,0.5932930632265158,0.5638132085727814
1150469,1.0773166244817185,0.995324566088462
290315,0.6712737839534192,0.5991992563747837
290317,0.5642781984953739,0.5249098184944612
290318,0.6420465438915275,0.6179120903151459
28173,0.5011329413270387,0.5008396405911133
134676,1.6492316777193898,1.5065525158041386
323097,0.8874624756153908,0.7575012458958059
323098,0.8381070756827534,0.7708503719138733
871963,0.4762673326066861,0.4745760841071207
44574,0.4308900733378752,0.42661356724875893
1379870,0.5550184361516737,0.5421735239021217
871968,0.4647203938563548,0.4655252877117649
290340,0.8745361021859672,0.8082557877241017
52773,1.0432697822745314,0.9853386892148693
1543721,0.7063084757454922,0.6448673711863091
945713,0.5451198825310277,0.5463179151662786
208439,1.5901944900348952,1.3942251260738556
1592897,0.2678838151292792,0.2680915065183366
1379910,0.565517165550483,0.5382916477708621
1494608,0.8460368641521593,0.7663001733041881
478801,1.7227868307880159,1.6577606593584184
634452,0.6291536004865503,0.5727840698783211
61015,0.4365512448017905,0.4373970922082956
290398,1.167062213384197,0.9438496814252668
290399,1.0402635254294719,0.9551558110915822
290400,0.8876119345599445,0.842751022703532
1191523,0.5778712481988172,0.5656836615488581
700015,0.8763231721903836,0.7722484400869524
1814128,0.4615715706034238,0.46209412261912236
1420916,0.6186808512458001,0.5852781495785201
1420917,0.6036752770181669,0.5749467129026158
167542,0.4423673031918609,0.44410178689974683
167546,0.4503125418854866,0.45199222605368655
1142394,2.3054030187817895,2.0746869482576447
634500,0.5950012824364252,0.5646755828026452
1445510,0.5621521868716662,0.5431434986858077
634503,0.6351452672515518,0.558549998137364
634504,0.4250412994712557,0.4244492015435557
224914,0.7901517729717028,0.7258699554605391
224915,0.450488317267308,0.45026410238496395
1183379,0.4776123576715097,0.47905168074553095
1265309,0.7843488422737994,0.7221039975216776
1150621,0.4938303681938001,0.49340992621006985
1167006,0.5520886484631466,0.5398313006019173
298654,1.6465376830826286,1.5504507966960104
536227,0.45887773335373205,0.45973182871131557
749222,0.8413308161802296,0.6795028146607984
257708,1.7980341120548573,1.5782982067938196
585394,0.6006708382220197,0.5595418342555711
347834,0.9234276070282661,0.8239062301348814
1003195,1.9177859720097261,1.7984414723640454
323261,0.5043393182565052,0.4933137844738239
85698,1.5383470799977044,1.2983425179184178
1265350,0.4810081811157226,0.4815434985223009
44742,1.0714743197205805,0.9397100852138701
1183438,0.8329307333246971,0.6987341171968202
585423,0.8957743624178727,0.7839407514909215
290512,0.5882450573629292,0.5615003677723187
585425,0.702853898591133,0.629528264834323
339671,0.49532460835025033,0.4963297119134309
413404,0.42337257376002235,0.4233906727927583
929506,0.4750300974732549,0.4755527006937026
372461,0.48116408299489516,0.47925969207537733
1142511,0.46932003404558326,0.46891949777201697
716544,0.5664177316237304,0.5642270843406293
1707785,1.5645922510161467,1.2662930228859708
1437453,1.9535370617896408,1.792600800972139
929556,0.5120671258869918,0.5129397470379136
929562,0.5281650905160205,0.528981738802195
937773,0.436676548655996,0.4380464996128981
1658671,1.9190078110016762,1.8308701952920643
1658672,1.0505602191103496,0.9445828165743907
937777,0.9600529713964765,0.8908572812482287
134962,1.3862193308102642,1.2056763310138316
675635,2.03250826654521,1.8997769470208308
683837,0.47850498563352456,0.47964937005230707
528191,0.5280146113998012,0.503240054086679
544580,1.2000596236283114,1.131666654614849
290633,0.9429294578102317,0.8840441148710022
380749,0.5043665391288731,0.5032927842259375
610130,0.5244813155192249,0.5132737156108521
1134435,1.4520965512777328,1.219663146942587
233316,0.5171348290451293,0.518400221862961
749414,1.6716317375804528,1.4899372362222298
552811,0.6149313379331451,0.5519708946145666
216942,0.1684870451094676,0.1686609198217172
216946,0.17769326856349757,0.17741251115296916
331635,0.5551877637474247,0.5558036642916963
331636,0.5369793232055521,0.5380449260908768
528244,1.6534722527192942,1.4160958710485327
266117,1.8330237448333446,1.5899426679924558
487316,0.488499763947805,0.49004522952039953
888727,0.5136337679231644,0.5159921811785856
331678,0.5368251225189188,0.5184582499970759
1437605,0.8437614269215402,0.792210809041076
765869,0.5079429754201988,0.5108516800138899
651182,0.5302285409298407,0.5198093048724691
929713,0.5453142578292999,0.5401035248349743
1068978,1.7640662593831717,1.6618016408148693
1454006,0.5287307018311257,0.5287134473361027
233412,0.4582638584691037,0.4583857338665235
167879,0.4776185297433442,0.4783165052978206
765910,1.4083715373868666,1.2285039510529392
765911,1.0352069102167776,0.8497083267219129
765912,1.1181796265310286,0.9261702460860058
315358,0.16240518892628633,0.162295316122369
1470434,0.5215035705280385,0.5207257139866694
1650658,0.557440828420397,0.5634789561376459
593907,2.0547394143182163,2.0087185211781704
511995,0.41395896766384693,0.4145300334827742
446462,2.1637766901945947,2.0403825576876793
765952,0.5294607478667814,0.5306736842927663
446466,2.1951655233974017,2.071893283010081
446468,1.9635410345636115,1.8518340758331073
446469,1.9011632965068186,1.758063059822042
36870,0.47851554376277383,0.4785714797949012
446471,1.957156030940521,1.824305897185056
446470,1.5116560917916497,1.296992950505609
1208324,1.4674374410138573,1.2318232144726213
266264,1.0934461081732054,0.9675597503812771
266265,1.061223841660756,0.860472960924252
1912856,0.48271986021767926,0.48576979255589203
1224746,0.6980189759642413,0.6554450745087697
315456,0.44224863924065555,0.4428952567239799
561230,0.5412694188524465,0.5205044243456028
340047,0.1549423292561643,0.15513251789952492
86106,0.48145627448478984,0.48017808020669095
700508,1.2022359193383667,1.1031232105856588
487521,1.3726257209727757,1.1964428091359656
53345,0.4295855251063022,0.43054206198233375
577650,1.007499928596837,0.8552120414294134
1437824,1.8957956075913913,1.5732434552980161
1151116,0.5541174208543326,0.5289972698730308
1298593,0.5153120199886271,0.5162143552690691
700598,0.5515928213581367,0.5443060227372737
1085623,0.5193858815162093,0.5205194824045112
1085624,0.4921964378024288,0.4860488186741015
413882,1.4821658002411495,1.2981581148326777
61635,0.5121384887707993,0.5142702817301295
692420,0.48308540844787295,0.48062718295348894
53444,0.46559058387542335,0.46667735311314545
479431,1.67936956324789,1.5598801214363711
479432,1.571626414359023,1.4514322130315647
479433,1.6081070894901761,1.3905109855155344
479434,1.1293078532526073,1.0957469082836309
479435,1.7143504232556612,1.5184512076742689
479436,0.497772375580714,0.49491823912353056
479437,1.4477648721928562,1.1223026515235996
61647,0.8188895574767894,0.6864692565247894
61648,0.5526098214116143,0.5144580895646031
340177,0.5672360960965632,0.5617554188475568
61652,0.7758878662260899,0.659958129627504
553174,0.5046983472274668,0.4963811265424888
1200352,1.2199285717921107,1.1663054297507502
389348,0.4884869293428427,0.48946973765084895
446692,0.6537221080367009,0.5964284300179309
553190,0.5693270321314298,0.5371498398932374
1609966,1.1821694538257195,1.1094776745449277
1609977,1.3988031678448833,1.220522604635644
1192197,0.4836607211062099,0.48172031499259244
323848,0.6170197729465686,0.5748175732722229
323850,0.5371786110456216,0.5195472931349744
1249552,0.6136885505677775,0.6003883849286317
553239,0.4808808647210764,0.4826887119781025
1618207,0.5880835075693581,0.5828090027339086
1528098,0.4558519596766481,0.4527007860103451
1528099,0.754030360561041,0.671818682739188
946483,1.0189934882047884,0.8230960629363219
864564,0.9260616243060839,0.7698070947407846
315749,0.41692440398627195,0.4158239580083323
930169,0.9261803217875028,0.8429410819274781
930171,1.0828825988284472,0.9969884103564425
1249668,1.6950416093107354,1.3413428508701266
446860,2.2759735330078232,2.2023887533548945
86416,0.4111091160929565,0.4114295436182219
94624,1.2721381247788395,1.0386121781554098
1216932,0.4781844825826798,0.47643892039522934
78245,1.3555305848145451,1.2085381096311814
709032,0.5461816204247716,0.5326437027181883
717231,0.4861261926035127,0.4829220325000168
1126833,0.673665980922061,0.561648660363011
405948,1.7810127873949169,1.616713502882138
291272,0.4241735184635122,0.42405976072956625
37329,1.7976009405023705,1.617671478180164
1315283,0.4888885941356704,0.48943916635215157
37332,1.4558572180530898,1.2447410103469176
324057,0.6228831482966432,0.5641674337188289
1225179,0.4099645464471785,0.4084807519404315
1069534,0.4626104649558866,0.45573536906511763
438753,1.3632581170672453,1.2637457622288901
487909,1.7269785499309527,1.3879819007779175
1110502,1.4419632798527582,1.3283986473055707
643561,1.9118283457726668,1.5863744832551971
643562,1.1998801193845576,1.026982784041272
365044,1.0333705081781634,0.8986668758980015
365046,1.88634206896145,1.6308044290307822
627192,1.2364657036848095,1.1048805703870574
291331,1.0983891729104178,0.8931753876792675
1184267,0.4979908888181429,0.4993851118802857
266779,0.8549325275212961,0.7829697410236343
1143323,0.5362775757163738,0.5381046262619396
283166,0.409106119091574,0.4083773104838626
258594,1.1410764513400042,1.0022349586367778
889378,0.8811230807254983,0.7891202658098544
512564,0.19771812224268642,0.19803615025485072
512565,1.5541667944265607,1.4516859575557506
135735,0.43053498661377265,0.43085687271008155
225849,0.47846590154109253,0.4792631621669255
643648,0.4989368248609182,0.49221100513084914
1208918,0.5030355562427032,0.5036746847878885
1208919,0.5029665179804618,0.5025954029780477
1208920,0.49148853920039326,0.49142925600828974
1208921,0.502837613994433,0.5036773968192921
45658,0.4765483835429197,0.47715801624714504
1208923,0.4979695877433383,0.4993313305789359
979556,1.8217026850197222,1.5848643801950755
70255,0.4583794158869455,0.45847982289257166
86660,0.21609576087457907,0.21615388163660684
225937,0.7378986622373124,0.6778255453235301
316055,1.182717150515123,0.9782450301953044
316056,1.2370544560516348,1.0181203969640935
316058,1.4470659933669183,1.1777452811838032
504474,1.0135921510351582,0.9361342834948834
29343,0.5042382975210838,0.49324137906283266
1168034,0.5285107343241141,0.5212989147973254
316067,0.7000382434766527,0.6390171287095127
586416,0.47461257333412843,0.4697721768367361
266940,2.1961255987584978,2.0659651008132447
1028800,1.0300787306657593,0.873276057482853
1774273,0.5176329120737028,0.5177668119874554
856793,0.7118063223458221,0.6458324937819466
1495769,0.5357522009865574,0.5358110246807414
1127134,1.377643181158468,1.224127587564129
529120,0.513963052870275,0.5169750751716182
914150,0.5074903507094719,0.5086543984691009
13035,0.45885487906522643,0.4578843748288921
160492,0.5172029937207122,0.47941415712292823
1118964,0.1530096915583251,0.15214527055301424
594679,0.49830305859589635,0.49800450306185284
29433,0.48292307114963917,0.48407935488285947
679935,1.2102872722792697,0.8157565872288911
1274631,0.88371952185184,0.7603056568433099
152331,0.47210373223275137,0.47481172687445267
643867,0.5293299269021242,0.5297848073906996
234267,1.0412197880591956,0.89535441595859
717605,1.1823935932954242,1.0040270157428568
471852,1.6373349588198458,1.6073648443376156
471853,2.06510913996321,1.909483057752463
29486,0.4841550637890196,0.47826247977279573
471855,1.0575360265744869,0.8932192019121901
471856,0.6410970384632033,0.6058170043289791
471857,1.251466276680943,1.141744257576285
521010,0.5322541588170476,0.5332038886716667
471854,0.6947393183376437,0.633103884996335
37692,0.4346240048948863,0.43429978518365797
455488,2.4420264753431713,2.257903329402664
1094466,0.5143624753140257,0.5152576864856194
381764,0.5127250387745697,0.5125987840541315
29519,0.5309217700264821,0.5307958225200771
521045,0.5106887432238152,0.5042146273049456
1094489,0.45470619821790975,0.4533509274175105
1094497,0.43301464876262347,0.43372544667628454
29554,0.19916938773742607,0.20000086612331863
316275,0.46048914190262363,0.4622187034556799
316278,0.6536711899533135,0.6600009440684405
316279,0.5320389253328405,0.5169820559102979
357244,0.3328585428430624,0.3326822010465768
1028989,0.8563938574898995,0.7922275459050512
521095,0.5705206874074228,0.5341895903987932
521096,1.3623645054286881,1.2247078893341787
521097,0.5092737555054191,0.5077590714531244
521098,1.1434722568264588,0.9370523905195584
545694,0.6711505337776718,0.5991984466547502
545695,0.6766587846145385,0.6178691897534014
701347,0.7255256515461561,0.620116338253472
1430440,1.1320068256524127,1.0082365529768078
349102,1.581567293821667,1.4099117034638837
1389489,1.517168983874793,1.29403530039439
1643450,1.24106906122449,1.0702511020408163
349124,1.2251473420183252,1.1439636916704663
717772,0.5231071524566006,0.5267107226604135
717773,0.5754898144678243,0.5744183614947752
717774,0.48472431779465336,0.4880126614682
455632,1.9678879822314383,1.7591750210346349
717785,0.7092569753095892,0.6633163262195795
414684,1.7697309143145281,1.5903451262490116
1348584,0.5287355602612175,0.5291355942662656
349161,0.45093406844707223,0.4516417401572511
300019,1.7094914568384878,1.5304554104734733
660470,0.4938635989144946,0.49132335484391654
439292,0.5499121934705795,0.5247202941657935
857087,0.5589289793953177,0.5278461556126863
504832,0.9673090792876933,0.8679312615065048
1348623,0.4139235187263166,0.41457151600854636
1356852,0.9304093321110072,0.8084055111441445
767029,1.2801214661884024,1.1389658788800128
1348662,0.7381907971977988,0.6507044638606914
767031,0.7056967951271497,0.5984059051646358
758847,0.4980378460071315,0.4842250552589468
439375,0.7429058949732446,0.6650316485474289
701521,0.4655645921606114,0.46656535120627013
488538,0.524158853451545,0.5194992568183106
1037409,1.0595391383730763,0.8872652368309151
529507,0.4655644067458721,0.46582873648171214
1586287,1.6073838597399537,1.496701583505987
1307761,0.6713030884126294,0.6240453226992366
1291379,0.5035311922559544,0.5039548937873032
1307763,1.2085362115593796,1.0600408785497473
930944,0.471810294973271,0.4683035352469327
1242245,0.44988339541606065,0.45006804783637516
373903,0.47486215141173327,0.47458748230459796
46234,0.4577183890932633,0.4572592022385942
1266845,0.44122473601742246,0.44249384615777865
111780,0.46392869258497316,0.4634234066232733
111781,0.4839968229137299,0.48212440232088843
1348774,1.0007286977955905,0.8801083281804258
398511,0.4413839271136074,0.4429964716840594
644282,1.375115998109012,1.1571541833733126
644283,1.8552426598491685,1.7137279966292103
644284,0.6185107684869728,0.5549936922577184
390333,0.45946605495631804,0.44964786787228095
1307839,0.5386780695390395,0.5375458733756632
324831,0.4849252400255351,0.4866059335928033
373994,0.46451249970682795,0.4647349655620557
1266923,0.48824478419229794,0.48820236321041993
1266925,0.5487198772188805,0.5215814113472835
398578,1.500313801580165,1.2589081005435927
398579,0.4763795780584846,0.4777885236453539
521460,0.47771544375396297,0.4771183662479588
398580,1.3859277371713752,1.2150614198414658
480520,0.47795922033151783,0.4783083807103039
103690,0.47666791615886556,0.47586660911933876
931089,0.6133828008009019,0.5587010583345953
177437,0.5806751418161413,0.553286043989039
177439,0.5216118384823344,0.49491836801892997
406818,0.4898869798549065,0.4821224809757351
382245,0.8296562051577839,0.7156647000161424
283942,0.522119937903755,0.525577713830998
1267001,0.16830930642698075,0.16832349089120988
324925,0.5537480212834841,0.5275300481585717
1324350,0.4567662266640906,0.4569862825294636
1324352,0.4973479069130975,0.49604900183094247
652620,0.3967478254903367,0.39605079729422077
1267021,0.48062857839138257,0.4814532894081844
349519,0.4781145849865101,0.47829333689723436
349521,0.5996833162202859,0.5489103738332265
267608,1.5104410381941025,1.2732232231424085
251229,0.4790504573580355,0.47926517423657145
1045854,0.45245182945739704,0.45178304320949886
1045855,1.5257141036281288,1.3117094020807896
709991,0.5680170427131176,0.5421189405957344
669041,0.506390874624797,0.5048126058605352
537971,0.4825589572567981,0.48306796967893373
218495,0.46908582916678593,0.47107842793137467
38300,1.7810301645797812,1.6322170890542331
357804,0.4405166459425426,0.4404041237095312
103855,1.4294692006763186,1.2714436583736355
398767,0.6511394948818844,0.6106785811109903
357809,0.4703365624152198,0.4697529138587133
357808,0.85871418501908,0.7867655766605604
882102,0.48591488278714967,0.48776773620857217
521674,0.6126957003461085,0.585750573159325
767434,1.0856584823751811,0.9800694373707833
931276,0.45398573729684927,0.4540422478137781
259536,0.4616976366329812,0.46282170189291233
1144275,1.6372507470149165,1.6184537485664854
546263,0.7311980419724238,0.5818846990534309
243159,0.8016934180847233,0.681316396469631
243161,0.5438430287257879,0.5440080712312264
243164,0.5134210578258819,0.49662031784190397
546269,0.45986325914407206,0.4557078869709761
1291742,0.461666943287467,0.46286958514783405
546271,1.004466361510081,0.8625697175315495
529884,0.54497060703501,0.5500498624412036
267747,0.6635469804661832,0.6314381861467024
267748,0.22220891601637952,0.2222977671328131
710127,0.20307497473577524,0.20331798546084612
693746,0.687930955109346,0.568043538357882
407035,0.5105069333448529,0.4854270162858007
1545728,1.119364594610215,1.0363764583148167
1005057,0.48334718425191214,0.48253239244666857
1005058,0.500338316145831,0.5012047627767381
1160721,0.5099922426337034,0.500535804188169
243233,1.2461645695510557,1.0529741875303793
1005090,0.4852899211751222,0.4846069281687835
595494,0.5396907853623077,0.5142415580531596
349741,0.9361631594498129,0.8093965204274061
1136179,1.0016467912249893,0.881874135347037
1226298,0.4549205174909594,0.4549746008514457
292415,1.4285933778112336,1.1429019251987584
579138,0.49467367995632777,0.49488932654926243
243272,0.22669930264380686,0.22558704512692176
243273,0.2329716327597541,0.23320283586132645
243276,0.6179090857942597,0.6002494918734923
595537,1.6830871156629372,1.3536477352590413
1029718,0.49116705958483636,0.49178576677085484
1316444,0.5343134341066715,0.5342555984146594
317025,0.502499345963617,0.5027020457434076
292459,1.4593920972303398,1.3758933890054958
546414,0.8846177992532303,0.8333718174766249
161398,0.5083951400936114,0.5102328576754906
1111676,0.08264010710250105,0.0826368444349223
1029756,1.1490655942592773,0.9792742965474314
1209989,0.4713800908665136,0.4702727842729864
988812,1.3205704239109202,1.1801481874249993
865938,0.49571542670811963,0.49602698403268713
136857,0.9117515281761088,0.8172293655335504
685727,1.643018947696568,1.4045867755401849
243365,1.4304686100500128,1.1534182871526661
382638,0.4691772003594631,0.4707492075590243
382640,0.4136583361402174,0.41196504035420967
1300150,0.4549078048123449,0.45560675212224166
472759,0.5081666065201446,0.49596340018750024
374463,0.47526524183492663,0.4748452300220944
882378,0.7098112029504757,0.6474515483826471
63186,0.5558854548810198,0.5507327828142113
292564,1.4338134544633012,1.278972370218426
693973,0.4827402757788549,0.48395728094379836
906968,0.7690755171466812,0.6470273619586518
693977,1.0820433241822618,1.0212889361168864
693978,0.49703871531918276,0.49807033501757264
1398491,0.5275480688545413,0.5288314406341831
390874,0.6786883465385856,0.6314867921878737
1783515,1.745063593865069,1.5962095913925032
653045,1.631209574378639,1.498700149240734
1234679,0.4496559784784147,0.45077627792631997
1193729,0.34026995485894435,0.34127894254848407
128780,1.7372752367321942,1.4351369979878186
235279,0.5020290251505715,0.503475112125948
710421,1.4754448325913487,1.3136825604704379
562970,0.8190781046530903,0.7196169805751143
169760,0.6812619835042298,0.5787912586450451
456481,0.535678298103311,0.5305084649568381
1447715,1.2147688292337513,1.06710415663033
1423144,0.747223762590191,0.699292454703913
931626,0.47928010883524824,0.4784604322452611
669502,0.5380780126389192,0.5383656570058837
759620,0.46909629339706943,0.46589749751420606
431943,0.4450320487351666,0.44258308088127524
767817,0.4593524653812644,0.4473840532396298
431947,0.642131901000133,0.5665071205371079
505682,0.19745733379482946,0.1975292206927767
563040,0.5059560114999822,0.50585009794681
391009,0.49904242823695555,0.495354197099448
644966,1.8574789299053476,1.7097971764965647
1267562,1.707512982397008,1.3940789691891615
350058,1.2955558198382282,1.1646733522651473
1185653,0.432633226791917,0.431338421894447
661367,0.49211213704363166,0.49119524886106447
1300343,0.5295163574919272,0.5315667940408904
391036,0.428274868186746,0.42495722327924385
391037,1.2431470021234519,1.1277054309280103
391038,1.089799100098242,0.8953321340904465
448385,1.9338907780696801,1.6695979062829924
743299,0.6676484610637866,0.5870323939142883
153496,0.7069564645215807,0.6412511731479846
366522,0.5209031426809162,0.5178907148872572
292800,1.052226321831524,0.8557181692198935
292805,0.3663491063695772,0.3660823371943849
1128398,0.42986714918275876,0.42996473887831754
196600,0.501359925382587,0.5016253468903654
661478,0.7873561317792663,0.7150745431839309
391165,0.8091043246021945,0.7448590323857694
1415166,1.4175726186036879,1.2381977886287705
645127,0.6413439861341901,0.6017884115022453
1603606,1.2383413746067895,0.9788121687032811
710685,1.0428202218467275,0.9488081505914042
710696,1.5791989975851684,1.509211376175699
292913,1.0380014646140954,0.9669120283638333
145458,0.7187547563815986,0.6672854314989386
1267766,1.0203603765381926,0.9403548711793283
522306,1.165986130143046,0.9857887050246351
1316932,0.46928081172422204,0.4702726213319245
555079,0.5299762758736866,0.49970300973531456
342108,1.3247501484401254,1.1156353106490915
743525,0.8969575127519708,0.8079319644854205
858215,0.4873637404449103,0.4856031847075942
161896,0.7918252722726736,0.6893119640877882
759913,0.46433275537805896,0.4656558721510308
161899,0.785566533098706,0.6935572893477785
186490,0.48511449074086277,0.4850512434677426
530564,0.8005471536710944,0.7290075374856756
522373,1.3050494296922852,1.1871127175930039
1349767,1.0871528663855203,0.9013070853804874
1112204,1.2669326721824505,1.1331314626516897
325775,0.4784095721829001,0.47849183884266044
694427,0.5253599384532721,0.5174948202241245
694431,0.5012957134077979,0.5016789758522633
481448,0.5219955340704245,0.515112964577814
489653,0.7148479780479049,0.5896837404683648
596154,1.6233365580435832,1.3521453666279328
760011,0.6739482763808287,0.6261046696218829
555217,0.5056385230305244,0.5013016543031771
317655,1.2725535635642489,1.1308355889114354
981222,0.9339547105950833,0.874056606071827
866536,0.49660350954792265,0.4960508529833445
63737,0.4665867847778608,0.4658198263431215
1341692,0.4507701117676608,0.4500352275636268
1186051,0.5419873191806142,0.5426506284736251
1202450,0.7337704408648713,0.7079175192301971
358681,0.5426980924364395,0.5096591659033437
743718,2.314059967205293,2.150538469981474
1071400,0.46941099531412184,0.47055336561249406
743720,1.0521158391714276,0.9306808366207545
743721,1.954560266779775,1.6456766757835926
743722,0.5269229719029025,0.5265741072389418
497965,0.47400338952386595,0.4739955092010157
96561,0.7798737114787553,0.6987390926416727
1579316,0.5477098350563807,0.5259665215618651
129338,0.5408127459212586,0.5157319080107325
1276220,0.1402096141874356,0.1404971520721804
1276221,0.15963746709610635,0.15953585796737288
1505596,0.4494112085382107,0.4483214969645657
71999,1.7255787421494715,1.611345406433474
1505597,0.4053289132590592,0.4050845507284977
1276227,0.1544508796132605,0.15412758734012397
1276229,0.1566127145173895,0.15667776427593746
751945,0.9950180849020268,0.9857178986955897
760142,0.5073907969096734,0.50806910080753
1276246,0.14162903786036818,0.14168011768792269
760154,0.5084343782500069,0.5092687708448723
1562970,0.5382667948997785,0.5350589493691664
153948,0.4847889656282793,0.4764862059347295
1276257,0.16181166279543338,0.1617977151974887
1276258,0.16646624513492894,0.16689553512548974
203119,0.5066560806411572,0.49414489739518197
203120,0.4744655887907976,0.475892059314087
203122,0.5242213219137233,0.5236411397040794
203123,0.446107848347601,0.4473685097566429
203124,0.3672870463529192,0.36307173690956535
137591,0.48224420242436333,0.481141002780501
399739,1.246567440305281,1.0384704556584499
399742,0.567653185009206,0.5322517995499548
760192,0.6298802069527296,0.5887641740651595
383372,0.8401149507435085,0.7789883936164803
194963,1.0962474347309208,0.965947572209419
653733,0.8248571149480955,0.7319761957294668
1620392,0.5143917301069487,0.5066817356857533
391595,0.6761504398061408,0.6415644329759594
342451,0.42799144381966203,0.42775297725505906
391616,0.5274192369677179,0.5050096350230202
580033,0.5032185574483509,0.5038610827374872
1620421,0.7695101617717128,0.7371601564121613
121292,0.9761568811272395,0.8839301895718997
637389,0.9869632128266488,0.8074958465629993
408015,1.8143886613133382,1.6657309581670694
350688,0.4523305515521801,0.45338048368602707
1415657,0.48003886010362695,0.48091321243523316
317936,0.46660622840606675,0.466314254097278
1219058,1.1762595171955477,1.0405804772949598
375286,0.6731389144649117,0.5990393094279168
1538553,0.5549902457634476,0.5288466874558526
858619,1.1953385105001941,1.1494848664591604
1432061,0.4893739369530541,0.48103920825585395
203267,0.49364590571469263,0.4894929240702457
1219076,0.48281039536586223,0.48419972718645826
686597,1.090367074107149,0.9832394383825227
571913,1.1830161956353493,1.1197846436368017
203275,0.6365362690755009,0.577206255936085
571915,0.5488533804376514,0.5312402777306767
416269,0.4847041512623445,0.485176450307676
1423892,0.41928227129168766,0.4168721754730325
522772,0.5390827103984445,0.5245798797980369
743965,0.13891052080028457,0.13910881332141176
1194526,0.45519469991064326,0.4560347577973908
195103,0.45684119816324875,0.4570650798603519
743966,0.19991549751823318,0.20004580508357453
743967,0.14956648691188437,0.14959666961786458
743971,0.21062557893641431,0.2106217247134064
981539,0.4623134110330426,0.4640536519230297
743973,0.5266997916406795,0.528756242694719
309798,0.5044506052668714,0.5048381333222879
309799,0.5117959385308816,0.5149406375542999
498211,0.6441303178226576,0.6002186590514051
309801,1.0656811686550909,0.9564171311261334
227882,1.7062908603098312,1.5145807103271551
309803,0.6876633106217785,0.6422938086465262
334390,0.4522911696103205,0.4544516072454968
391735,1.4400418594206152,1.167228744666517
334413,0.5124452027124031,0.5121146661413695
866895,0.42613092158733223,0.42551503771083965
342610,0.5038114291201051,0.5044343918622672
1538644,0.4986034560123832,0.49912311338007936
1333848,0.5577796366995618,0.5193185885749534
1415773,0.08010261932844452,0.08009834589722113
1415775,0.4666868817137454,0.46768219789156634
227941,0.5345662981470571,0.5355740644271292
1301098,1.3456116004041279,1.1366677236131473
465515,1.9626633309312413,1.9055605899068944
1849967,2.050364619739934,1.8835810504533506
47763,1.8134163522889921,1.695677208409169
326297,0.6232894831271427,0.5848255417367394
326298,0.5092591667113421,0.5102841264807625
375451,0.7921140648086265,0.7593090351396385
768670,0.5233978388160212,0.524821817278347
1768108,1.5147931804150638,1.4610199351376525
195253,0.46940321258220336,0.4697943641177166
768700,0.07853280354533838,0.07856515152332019
457405,0.4813720051004678,0.48104295552725507
768704,0.4555079059024007,0.45379399589745106
768706,0.46950814504598826,0.4663789777268787
1678028,1.3530819534353302,1.1367239974991028
318161,0.4857373608127941,0.48764610077821413
318167,0.4804704383583246,0.48100854573128315
1260251,0.7471190140472505,0.7482541570154596
400092,0.5187986608661456,0.5075742790511527
187101,0.5221628532215308,0.5149613641918441
1309411,1.4828642802299408,1.4257198782011966
580327,0.46911321879915396,0.46639461478005767
580331,0.47220923200474013,0.47009379889184605
580332,0.9189679394050994,0.7366977484027641
293613,0.40083742138391903,0.39918638664059286
293614,0.3943575328650916,0.39381631629801367
580340,0.5437628191279816,0.5349013228958839
760570,0.49254604758695736,0.49145230273928514
391936,1.0001422769299277,0.9079633813252053
555778,0.6186741181705143,0.5740804921957863
105219,1.3428248176872417,1.1545894175109168
47885,1.1411793935981143,1.0051141355650364
670487,1.7561070589609198,1.5441845482476
326424,1.7953565452718163,1.6360686021285946
326425,0.4245862546355522,0.4259841659915263
326427,0.6282422287269833,0.5955296181052473
269084,0.5260613349279386,0.5166142633086971
285473,2.308654310113327,2.0987200667363313
47917,0.5592333260983748,0.528511419321798
56110,0.5048023499715956,0.5028756874806215
1678129,0.633076529629318,0.6049131430494089
1768242,0.97228992725777,0.9134155028903032
1121088,0.4789300210070055,0.4530345498702508
875328,1.274317605066712,1.208726841517076
416591,0.5251102774302373,0.5235293649228538
457570,0.4754111930966194,0.4765106990140465
645991,0.5243227136079666,0.4976355159941754
1178482,0.6902234544681328,0.651872077850959
121719,1.0468559175224235,0.9743937654058321
1235834,0.5822594505223677,0.539206345449827
187272,1.1549746675642547,1.0988674821283826
1170318,0.9739622329240244,0.9037265420750946
621456,1.2943303102976749,1.133738468716261
1268635,0.45334246721261795,0.4520785391180419
449447,0.4269680961046821,0.42576856770009597
555970,1.0268691588785046,0.8996513903107559
293826,0.4387278566105918,0.4392269368624934
1579979,1.2605908559140697,1.1302929787795095
637905,0.46907008298122943,0.4709100121654207
80852,0.4875474387764476,0.48903227662963056
80854,0.4696029455862906,0.46981118162646307
64471,0.4838516964418979,0.47494234050545436
1006551,1.1711498898108221,1.0069200608522122
1227739,0.753620806314851,0.6860156998471779
637971,0.44071891383232553,0.4411120864660466
1235990,0.3753862199335115,0.37523759859200834
39960,1.2930546865531334,1.0981077587612362
1227812,0.4206453934740883,0.4195487810392821
1391653,1.8025369340242672,1.5335416525863816
261164,0.4792874635358519,0.48007706990312243
228400,0.505673870417318,0.5063140696257508
228405,0.8883915387734234,0.845684004576029
72758,0.4561862875316452,0.456749914555453
1121335,0.5318748570890554,0.5212069753991418
228410,0.558866764238804,0.5349102555666801
859194,0.07984504577484902,0.07965810368016285
572477,1.1734228409450533,0.998677973368905
572479,0.48741425603234284,0.4882445707939706
572480,0.5028959162035957,0.5034551729842318
891968,0.5373597179151385,0.536415361348319
891974,0.49814508556101095,0.4708236048116498
1121353,0.568261166051203,0.5263232233858344
212042,0.4042683387012224,0.40015012411756185
498761,0.7313467589924642,0.6567786743538343
1121362,1.3549904904006151,1.2907618619613792
105559,0.5095429154005429,0.49914049309645137
40041,0.462814435306362,0.4641613422357911
367737,0.5059852560202875,0.5065299527673158
318586,1.511631536429736,1.265624273554197
1072256,0.9877008009299949,0.9132991420201758
572544,0.45821311703768147,0.46001080174880804
1170562,0.4654730407169144,0.4648116282111053
572547,0.5273040205687308,0.5169363257180345
203907,0.464435549983122,0.46409089748644794
56458,1.880879813313634,1.5356794843798713
425104,0.47777005442096726,0.47859873939108327
1096856,2.1064965272305876,2.0441320711113105
1408159,0.742457976591692,0.6851211742577118
498848,1.0391028064401353,1.0213397119433079
1408160,0.5300498876829867,0.5285424209905936
269484,0.41538693267789045,0.4118358562863865
261292,0.4847271107563023,0.4801814459369618
1547445,0.49610466547059573,0.4970275188936873
1408189,0.7785563290513013,0.7043592371353069
261317,0.44188233811703187,0.4417135811136162
179408,0.4867098615166246,0.4798357695344597
1088721,1.1373782453762962,0.973040509855851
1236179,0.4954596050949242,0.4943050145873635
1105110,0.39310449662023683,0.39233764053356246
1105113,0.38809987680919533,0.3883580425609112
31964,2.0893799725365283,1.895237045853685
392416,0.4547358392762051,0.4556182031444883
662755,0.6561804544119298,0.612848602667167
1400053,0.564140870071885,0.5622686549636284
441620,1.5821553043116638,1.36039670741535
40215,0.4654178094195999,0.4662482296211034
1408281,0.5644761029411764,0.5611899425866237
32049,0.5002756398235373,0.4958407978858525
32051,0.7516299518145296,0.70185477931156
392500,0.49280611784116474,0.4938822936310343
392499,1.607048212091133,1.4060655227785992
367928,1.0449518607124633,0.8500310653252573
1129794,0.44206228044377516,0.44317844258988043
1277257,0.4250155026335597,0.4263119339650744
1072467,0.532496253647764,0.5338638693903305
163164,0.442771661893989,0.44112404253824916
638303,0.5337702439473148,0.5285265166211357
1842533,1.2311564896510112,1.0708134034050665
1842535,1.21359785521711,1.066898653182419
761193,0.5694616822771397,0.5434373591707976
1842537,1.3977437777922783,1.1938461999257624
1244528,0.5014267758359103,0.504643148292855
1244531,0.48801235549480465,0.48843809990921017
351605,0.728505324808966,0.6262491323272711
351607,1.1488701990674737,1.0642428841759102
646529,0.44498530145515797,0.4456947533847657
531844,0.5225088280363911,0.5174022430240175
1392005,1.0644536211582454,0.8551693410515383
351627,0.48263438050546575,0.48184139140460425
146827,0.7075728993757744,0.6379897219040048
1031564,0.4988802265765932,0.499138320694915
441768,0.5090762202028343,0.5106078010388287
744872,0.5776936873406259,0.5540759796482754
1162668,0.5995586624510216,0.5524163562962503
335283,0.5034630818605149,0.49019773573396225
1367477,0.4710966800389991,0.45868076214514764
351671,0.519687567868333,0.5080958055910036
146891,0.45583678320245696,0.4589025792102131
56780,0.6614688997518247,0.5751127547776662
1285583,0.6133275768080131,0.5629701871738063
343509,0.3853735403643607,0.3565391652662045
269798,0.5360605984724048,0.5350244398528308
269799,0.9902822697771609,0.8235834533632264
269800,1.2503996704880895,1.1503919818768449
146923,2.0280796598436104,1.86359165902335
458233,0.4609922329404208,0.4629048564937614
1007105,0.6945115585307226,0.631366488578988
859653,0.49653497459974394,0.49785321102283975
859654,0.45348338009599964,0.45307207174768654
523791,0.49915695682454675,0.5002963275720708
523794,0.4497594631641334,0.4514303818367611
48664,0.9296371855724863,0.7887600965564434
744985,0.49437369291756406,0.49730638154179685
515618,0.43771726686775014,0.4383968384240213
515619,0.5019830765867657,0.49088393609390735
515620,0.5233883987944158,0.5159488937538106
1236517,0.5048788521127279,0.4834295671502278
515622,0.5496703459707627,0.541857140930728
1433126,0.5352932993894678,0.5221803852222231
1531429,1.4490403204728581,1.1430935922717145
1072685,0.5126607678050823,0.5150380124274343
867900,0.5276359689459683,0.5262233838993987
867902,0.49473417835505923,0.4962300035519595
1031746,0.4772985807405616,0.47830320967821066
1318466,0.5019404915912031,0.5021219903071963
196164,0.9413314282027756,0.8566626549176554
65093,0.4848773689050897,0.4845873245345231
196162,1.7975523585656965,1.6405158665154391
1261131,0.4267390529186358,0.4252650451744452
1637999,0.9387124262686098,0.7921050388438848
278137,1.3674759087749457,1.2082079258039302
56956,0.9028757796669064,0.8693172351663625
548476,0.7665597252741344,0.6803006785700203
548479,0.6537821164306674,0.6091885249683012
1236608,0.4719396259475721,0.4730782424399569
573061,0.47904118099717524,0.48038275675097303
908937,1.0528944305941732,0.7850687721607251
573065,0.6866661269347085,0.6549065734228469
401053,0.8210345716267035,0.7229378531960594
360095,0.4546140522608863,0.4546182058840225
384676,1.1815706485475133,1.052131513424716
712357,0.47832990032339157,0.47874104332138084
360105,0.49094795894601656,0.49538835308617796
720554,0.47864637988523595,0.47547373702288603
360107,0.46102173636026733,0.4624438996617905
376489,1.0389666666590682,0.9162129134070781
335541,0.48720303464663917,0.478911304167734
278197,0.47388159101429783,0.4765738953473138
335543,1.0571641636698577,0.9141021437538379
1048260,0.9193867124919669,0.7309833733639611
212717,0.4700277123517911,0.47126254845016635
663278,0.8771643810979572,0.7051634648980063
204536,0.49437568657955666,0.49542361577636373
319225,0.7524948791270979,0.7006280391635223
212767,0.9429521641317384,0.8705903409387111
1367847,1.0881275551378404,1.0141618151566376
40754,0.5237361175971087,0.5226270639853656
696125,0.45776235610059884,0.45739776277653255
1294143,1.359667144679034,1.1473009623919908
696127,0.3678886576016727,0.367338470106902
1318743,0.4567815070379145,0.4574808001112326
630626,0.6311475133867183,0.5744146662543114
221027,0.5156425336162671,0.517191660462292
376686,0.5114775621504787,0.5105568507701218
65393,0.45471548780383136,0.45454787178990513
204669,0.7859114963550482,0.7295813407355108
106370,1.3176204724754372,1.2147751323408666
1032069,0.49111483695506486,0.49079315798580225
483219,1.6074631676621394,1.6284322922764107
1236908,0.48246939271080835,0.48129136172083203
1171377,0.5091912383216878,0.5087027337562886
98228,0.5022337880298343,0.4787061864117465
221109,0.43337670305113263,0.433737030750994
1630135,0.9735606641818033,0.8947431134933095
573370,1.2275762975102666,0.9695810425817762
1294273,1.2947428831854972,1.1773224066775259
434131,0.4721573478813569,0.4717139030197458
516051,0.5454929500024437,0.5348107375006109
679897,0.5225805306548309,0.5191804249244738
696281,0.4698215831362613,0.4555515098216839
1736674,0.5338030394031852,0.5340779331197107
573413,0.6344728483319225,0.5862056516522828
204773,0.6943321588126437,0.6040686276800569
1449976,1.6117633964988551,1.5138418664698214
1196031,0.4362458210055515,0.4355575160375607
